empresa;año;variable;valor
Acerinox;2021;external_audit;1
Acerinox;2021;total_emissions_co2;
Acerinox;2021;2030_commitment;1
Acerinox;2021;manage_waste;0
Acerinox;2021;biodiversity;1
Acerinox;2021;climate_strategy;1
Acerinox;2021;manage_water;1
Acerinox;2021;electric_vehicles;1
Acerinox;2021;green_buildings;0
Acerinox;2021;w_renewable_energy;105,12
Acerinox;2021;water_recycled;
Acerinox;2021;waste_recycled;1,193,399
Acerinox;2021;recognized_env_standard;1
Acerinox;2021;circular_economy;1
Acerinox;2021;water_discharged;5,952,207
Acerinox;2021;total_emissions_co2_scope1;
Acerinox;2021;total_emissions_co2_scope2;
Acerinox;2021;total_emissions_co2_scope3;
Acerinox;2021;waste_hazardous;147.672
Acerinox;2021;waste_hazardous_recycled;1.193.399
Acerinox;2021;waste_nohazardous;1,521,397 
Acerinox;2021;waste_nohazardous_recycled;1,193,399
Acerinox;2021;energy_use;1
Acerinox;2021;waste_use;
Acerinox;2020;external_audit;1
Acerinox;2020;total_emissions_co2;255,084
Acerinox;2020;2030_commitment;1
Acerinox;2020;manage_waste;1
Acerinox;2020;biodiversity;0
Acerinox;2020;climate_strategy;1
Acerinox;2020;manage_water;1
Acerinox;2020;electric_vehicles;1
Acerinox;2020;green_buildings;0
Acerinox;2020;w_renewable_energy;9.48 mw, 8.8 mw and 6 mw
Acerinox;2020;water_recycled;
Acerinox;2020;waste_recycled;285,000 tonnes
Acerinox;2020;recognized_env_standard;1
Acerinox;2020;circular_economy;1
Acerinox;2020;water_discharged;5,575,011 m3
Acerinox;2020;total_emissions_co2_scope1;
Acerinox;2020;total_emissions_co2_scope2;
Acerinox;2020;total_emissions_co2_scope3;
Acerinox;2020;waste_hazardous;
Acerinox;2020;waste_hazardous_recycled;
Acerinox;2020;waste_nohazardous;
Acerinox;2020;waste_nohazardous_recycled;89%
Acerinox;2020;energy_use;1
Acerinox;2020;waste_use;285,000 tonnes
Acerinox;2019;external_audit;1
Acerinox;2019;total_emissions_co2;1,461,695
Acerinox;2019;2030_commitment;0
Acerinox;2019;manage_waste;1
Acerinox;2019;biodiversity;1
Acerinox;2019;climate_strategy;0
Acerinox;2019;manage_water;1
Acerinox;2019;electric_vehicles;0
Acerinox;2019;green_buildings;0
Acerinox;2019;w_renewable_energy; 6 mw
Acerinox;2019;water_recycled;
Acerinox;2019;waste_recycled;44,731
Acerinox;2019;recognized_env_standard;1
Acerinox;2019;circular_economy;1
Acerinox;2019;water_discharged;1,434,018
Acerinox;2019;total_emissions_co2_scope1;730,61
Acerinox;2019;total_emissions_co2_scope2;731,085
Acerinox;2019;total_emissions_co2_scope3;
Acerinox;2019;waste_hazardous;75,905
Acerinox;2019;waste_hazardous_recycled;46%
Acerinox;2019;waste_nohazardous;916,415
Acerinox;2019;waste_nohazardous_recycled;4%
Acerinox;2019;energy_use;1
Acerinox;2019;waste_use;992,32
Acerinox;2018;external_audit;1
Acerinox;2018;total_emissions_co2;
Acerinox;2018;2030_commitment;0
Acerinox;2018;manage_waste;1
Acerinox;2018;biodiversity;1
Acerinox;2018;climate_strategy;0
Acerinox;2018;manage_water;1
Acerinox;2018;electric_vehicles;0
Acerinox;2018;green_buildings;0
Acerinox;2018;w_renewable_energy;3,456,783 gj
Acerinox;2018;water_recycled;
Acerinox;2018;waste_recycled; 59,000 mt
Acerinox;2018;recognized_env_standard;1
Acerinox;2018;circular_economy;1
Acerinox;2018;water_discharged; 3,651,170 m3
Acerinox;2018;total_emissions_co2_scope1;222,638 mt
Acerinox;2018;total_emissions_co2_scope2;355,028 mt of co2
Acerinox;2018;total_emissions_co2_scope3;
Acerinox;2018;waste_hazardous; 1,030,822
Acerinox;2018;waste_hazardous_recycled;38.76%
Acerinox;2018;waste_nohazardous;
Acerinox;2018;waste_nohazardous_recycled;2.69%
Acerinox;2018;energy_use;1
Acerinox;2018;waste_use; 1,030,822 mt
Acerinox;2017;external_audit;1
Acerinox;2017;total_emissions_co2;
Acerinox;2017;2030_commitment;0
Acerinox;2017;manage_waste;0
Acerinox;2017;biodiversity;0
Acerinox;2017;climate_strategy;0
Acerinox;2017;manage_water;1
Acerinox;2017;electric_vehicles;0
Acerinox;2017;green_buildings;0
Acerinox;2017;w_renewable_energy;
Acerinox;2017;water_recycled;
Acerinox;2017;waste_recycled;
Acerinox;2017;recognized_env_standard;1
Acerinox;2017;circular_economy;1
Acerinox;2017;water_discharged;
Acerinox;2017;total_emissions_co2_scope1;337,264
Acerinox;2017;total_emissions_co2_scope2;259,434
Acerinox;2017;total_emissions_co2_scope3;
Acerinox;2017;waste_hazardous;
Acerinox;2017;waste_hazardous_recycled;
Acerinox;2017;waste_nohazardous;
Acerinox;2017;waste_nohazardous_recycled;
Acerinox;2017;energy_use;1
Acerinox;2017;waste_use;1,738,240
ACS;2021;external_audit;1
ACS;2021;total_emissions_co2;
ACS;2021;2030_commitment;1
ACS;2021;manage_waste;1
ACS;2021;biodiversity;1
ACS;2021;climate_strategy;1
ACS;2021;manage_water;1
ACS;2021;electric_vehicles;0
ACS;2021;green_buildings;1
ACS;2021;w_renewable_energy;69,506,084  kwh
ACS;2021;water_recycled;
ACS;2021;waste_recycled;
ACS;2021;recognized_env_standard;1
ACS;2021;circular_economy;1
ACS;2021;water_discharged;6,772,698
ACS;2021;total_emissions_co2_scope1;
ACS;2021;total_emissions_co2_scope2;
ACS;2021;total_emissions_co2_scope3;
ACS;2021;waste_hazardous;42,717
ACS;2021;waste_hazardous_recycled;123,63/84.5%
ACS;2021;waste_nohazardous; 3,428,323
ACS;2021;waste_nohazardous_recycled;123,63
ACS;2021;energy_use;0
ACS;2021;waste_use;18,295,410
ACS;2020;external_audit;1
ACS;2020;total_emissions_co2;
ACS;2020;2030_commitment;1
ACS;2020;manage_waste;1
ACS;2020;biodiversity;1
ACS;2020;climate_strategy;1
ACS;2020;manage_water;1
ACS;2020;electric_vehicles;1
ACS;2020;green_buildings;1
ACS;2020;w_renewable_energy; 64,246,390 kwh
ACS;2020;water_recycled;
ACS;2020;waste_recycled;
ACS;2020;recognized_env_standard;1
ACS;2020;circular_economy;1
ACS;2020;water_discharged;18,455,724
ACS;2020;total_emissions_co2_scope1;86,767/12,853
ACS;2020;total_emissions_co2_scope2;8,444
ACS;2020;total_emissions_co2_scope3;1,925,389
ACS;2020;waste_hazardous;389,15
ACS;2020;waste_hazardous_recycled;155,411
ACS;2020;waste_nohazardous;12,669,950
ACS;2020;waste_nohazardous_recycled;9,807,147
ACS;2020;energy_use;1
ACS;2020;waste_use;16,102,660
ACS;2019;external_audit;1
ACS;2019;total_emissions_co2;5,982,501
ACS;2019;2030_commitment;1
ACS;2019;manage_waste;1
ACS;2019;biodiversity;1
ACS;2019;climate_strategy;1
ACS;2019;manage_water;0
ACS;2019;electric_vehicles;1
ACS;2019;green_buildings;1
ACS;2019;w_renewable_energy;58,398,873 kwh
ACS;2019;water_recycled;11,825.0
ACS;2019;waste_recycled; 81.3%
ACS;2019;recognized_env_standard;1
ACS;2019;circular_economy;1
ACS;2019;water_discharged;
ACS;2019;total_emissions_co2_scope1;3,002,654
ACS;2019;total_emissions_co2_scope2;279,435
ACS;2019;total_emissions_co2_scope3;2,686,028
ACS;2019;waste_hazardous;
ACS;2019;waste_hazardous_recycled;6.2%
ACS;2019;waste_nohazardous;29,730 tons
ACS;2019;waste_nohazardous_recycled;
ACS;2019;energy_use;1
ACS;2019;waste_use;9,995,340 tons
ACS;2018;external_audit;1
ACS;2018;total_emissions_co2;
ACS;2018;2030_commitment;1
ACS;2018;manage_waste;1
ACS;2018;biodiversity;1
ACS;2018;climate_strategy;0
ACS;2018;manage_water;1
ACS;2018;electric_vehicles;0
ACS;2018;green_buildings;0
ACS;2018;w_renewable_energy;19,930  kwh
ACS;2018;water_recycled;5,171,994.3/13.8
ACS;2018;waste_recycled;87 .1%
ACS;2018;recognized_env_standard;1
ACS;2018;circular_economy;1
ACS;2018;water_discharged;11,172,781.6
ACS;2018;total_emissions_co2_scope1;
ACS;2018;total_emissions_co2_scope2;
ACS;2018;total_emissions_co2_scope3;3,126,088
ACS;2018;waste_hazardous;
ACS;2018;waste_hazardous_recycled; 35.3%
ACS;2018;waste_nohazardous;1,011,958 
ACS;2018;waste_nohazardous_recycled;
ACS;2018;energy_use;1
ACS;2018;waste_use;1,011,958
ACS;2017;external_audit;1
ACS;2017;total_emissions_co2;
ACS;2017;2030_commitment;1
ACS;2017;manage_waste;1
ACS;2017;biodiversity;1
ACS;2017;climate_strategy;0
ACS;2017;manage_water;1
ACS;2017;electric_vehicles;1
ACS;2017;green_buildings;0
ACS;2017;w_renewable_energy;733.6 g wh
ACS;2017;water_recycled;5,171,994.3/10%
ACS;2017;waste_recycled;
ACS;2017;recognized_env_standard;1
ACS;2017;circular_economy;0
ACS;2017;water_discharged;1,188,089.8
ACS;2017;total_emissions_co2_scope1;5,362,111 
ACS;2017;total_emissions_co2_scope2;271,610 tons
ACS;2017;total_emissions_co2_scope3;2,747 ,782 tons
ACS;2017;waste_hazardous;
ACS;2017;waste_hazardous_recycled;
ACS;2017;waste_nohazardous;8,736,708
ACS;2017;waste_nohazardous_recycled;4,032,274
ACS;2017;energy_use;1
ACS;2017;waste_use;
Bankinter;2021;external_audit;0
Bankinter;2021;total_emissions_co2;12,329.38 
Bankinter;2021;2030_commitment;1
Bankinter;2021;manage_waste;1
Bankinter;2021;biodiversity;1
Bankinter;2021;climate_strategy;1
Bankinter;2021;manage_water;0
Bankinter;2021;electric_vehicles;0
Bankinter;2021;green_buildings;1
Bankinter;2021;w_renewable_energy;100%
Bankinter;2021;water_recycled;
Bankinter;2021;waste_recycled;100%
Bankinter;2021;recognized_env_standard;1
Bankinter;2021;circular_economy;1
Bankinter;2021;water_discharged;
Bankinter;2021;total_emissions_co2_scope1;1,547.28
Bankinter;2021;total_emissions_co2_scope2;
Bankinter;2021;total_emissions_co2_scope3;1,429.33
Bankinter;2021;waste_hazardous;
Bankinter;2021;waste_hazardous_recycled;
Bankinter;2021;waste_nohazardous;
Bankinter;2021;waste_nohazardous_recycled;
Bankinter;2021;energy_use;1
Bankinter;2021;waste_use;
Bankinter;2020;external_audit;0
Bankinter;2020;total_emissions_co2;10,417.17 
Bankinter;2020;2030_commitment;1
Bankinter;2020;manage_waste;1
Bankinter;2020;biodiversity;0
Bankinter;2020;climate_strategy;1
Bankinter;2020;manage_water;0
Bankinter;2020;electric_vehicles;0
Bankinter;2020;green_buildings;0
Bankinter;2020;w_renewable_energy;100%
Bankinter;2020;water_recycled;
Bankinter;2020;waste_recycled; 55% and  80%,
Bankinter;2020;recognized_env_standard;1
Bankinter;2020;circular_economy;1
Bankinter;2020;water_discharged;
Bankinter;2020;total_emissions_co2_scope1;
Bankinter;2020;total_emissions_co2_scope2;
Bankinter;2020;total_emissions_co2_scope3;
Bankinter;2020;waste_hazardous;
Bankinter;2020;waste_hazardous_recycled;
Bankinter;2020;waste_nohazardous;
Bankinter;2020;waste_nohazardous_recycled;
Bankinter;2020;energy_use;1
Bankinter;2020;waste_use;
Bankinter;2019;external_audit;0
Bankinter;2019;total_emissions_co2;14,634
Bankinter;2019;2030_commitment;1
Bankinter;2019;manage_waste;0
Bankinter;2019;biodiversity;0
Bankinter;2019;climate_strategy;1
Bankinter;2019;manage_water;1
Bankinter;2019;electric_vehicles;0
Bankinter;2019;green_buildings;1
Bankinter;2019;w_renewable_energy;100%
Bankinter;2019;water_recycled;
Bankinter;2019;waste_recycled;
Bankinter;2019;recognized_env_standard;1
Bankinter;2019;circular_economy;1
Bankinter;2019;water_discharged;
Bankinter;2019;total_emissions_co2_scope1;1,475
Bankinter;2019;total_emissions_co2_scope2;
Bankinter;2019;total_emissions_co2_scope3;
Bankinter;2019;waste_hazardous;
Bankinter;2019;waste_hazardous_recycled;
Bankinter;2019;waste_nohazardous;
Bankinter;2019;waste_nohazardous_recycled;
Bankinter;2019;energy_use;1
Bankinter;2019;waste_use;
Bankinter;2018;external_audit;0
Bankinter;2018;total_emissions_co2;
Bankinter;2018;2030_commitment;0
Bankinter;2018;manage_waste;1
Bankinter;2018;biodiversity;0
Bankinter;2018;climate_strategy;1
Bankinter;2018;manage_water;0
Bankinter;2018;electric_vehicles;0
Bankinter;2018;green_buildings;1
Bankinter;2018;w_renewable_energy;33,113
Bankinter;2018;water_recycled;
Bankinter;2018;waste_recycled;
Bankinter;2018;recognized_env_standard;1
Bankinter;2018;circular_economy;0
Bankinter;2018;water_discharged;
Bankinter;2018;total_emissions_co2_scope1;
Bankinter;2018;total_emissions_co2_scope2;
Bankinter;2018;total_emissions_co2_scope3;
Bankinter;2018;waste_hazardous;
Bankinter;2018;waste_hazardous_recycled;
Bankinter;2018;waste_nohazardous;
Bankinter;2018;waste_nohazardous_recycled;
Bankinter;2018;energy_use;1
Bankinter;2018;waste_use; 4.29
Bankinter;2017;external_audit;0
Bankinter;2017;total_emissions_co2;7.887,5 tonnes
Bankinter;2017;2030_commitment;0
Bankinter;2017;manage_waste;1
Bankinter;2017;biodiversity;0
Bankinter;2017;climate_strategy;1
Bankinter;2017;manage_water;0
Bankinter;2017;electric_vehicles;0
Bankinter;2017;green_buildings;0
Bankinter;2017;w_renewable_energy;32,87
Bankinter;2017;water_recycled;
Bankinter;2017;waste_recycled;
Bankinter;2017;recognized_env_standard;1
Bankinter;2017;circular_economy;0
Bankinter;2017;water_discharged;
Bankinter;2017;total_emissions_co2_scope1;1,138.63
Bankinter;2017;total_emissions_co2_scope2;7.887,5 tonnes
Bankinter;2017;total_emissions_co2_scope3;1,138.63
Bankinter;2017;waste_hazardous;
Bankinter;2017;waste_hazardous_recycled;
Bankinter;2017;waste_nohazardous;
Bankinter;2017;waste_nohazardous_recycled;
Bankinter;2017;energy_use;1
Bankinter;2017;waste_use;
Repsol;2021;external_audit;1
Repsol;2021;total_emissions_co2;
Repsol;2021;2030_commitment;1
Repsol;2021;manage_waste;1
Repsol;2021;biodiversity;1
Repsol;2021;climate_strategy;1
Repsol;2021;manage_water;1
Repsol;2021;electric_vehicles;0
Repsol;2021;green_buildings;0
Repsol;2021;w_renewable_energy;20 generd
Repsol;2021;water_recycled;
Repsol;2021;waste_recycled;17.6
Repsol;2021;recognized_env_standard;1
Repsol;2021;circular_economy;1
Repsol;2021;water_discharged;38.4
Repsol;2021;total_emissions_co2_scope1;
Repsol;2021;total_emissions_co2_scope2;
Repsol;2021;total_emissions_co2_scope3;
Repsol;2021;waste_hazardous;84,579
Repsol;2021;waste_hazardous_recycled;1855
Repsol;2021;waste_nohazardous;
Repsol;2021;waste_nohazardous_recycled;83133
Repsol;2021;energy_use;1
Repsol;2021;waste_use;
Repsol;2020;external_audit;1
Repsol;2020;total_emissions_co2;
Repsol;2020;2030_commitment;1
Repsol;2020;manage_waste;1
Repsol;2020;biodiversity;1
Repsol;2020;climate_strategy;1
Repsol;2020;manage_water;1
Repsol;2020;electric_vehicles;1
Repsol;2020;green_buildings;0
Repsol;2020;w_renewable_energy;
Repsol;2020;water_recycled;21%
Repsol;2020;waste_recycled;10.000 metric tons
Repsol;2020;recognized_env_standard;1
Repsol;2020;circular_economy;1
Repsol;2020;water_discharged;37.4
Repsol;2020;total_emissions_co2_scope1;22 mt
Repsol;2020;total_emissions_co2_scope2;
Repsol;2020;total_emissions_co2_scope3;2.3 mt
Repsol;2020;waste_hazardous;34.247
Repsol;2020;waste_hazardous_recycled;
Repsol;2020;waste_nohazardous;
Repsol;2020;waste_nohazardous_recycled;
Repsol;2020;energy_use;1
Repsol;2020;waste_use;
Repsol;2019;external_audit;1
Repsol;2019;total_emissions_co2;
Repsol;2019;2030_commitment;1
Repsol;2019;manage_waste;1
Repsol;2019;biodiversity;1
Repsol;2019;climate_strategy;1
Repsol;2019;manage_water;1
Repsol;2019;electric_vehicles;0
Repsol;2019;green_buildings;0
Repsol;2019;w_renewable_energy;
Repsol;2019;water_recycled;6,755m3%
Repsol;2019;waste_recycled;
Repsol;2019;recognized_env_standard;1
Repsol;2019;circular_economy;1
Repsol;2019;water_discharged;39,1471
Repsol;2019;total_emissions_co2_scope1;
Repsol;2019;total_emissions_co2_scope2;
Repsol;2019;total_emissions_co2_scope3;
Repsol;2019;waste_hazardous;51,434
Repsol;2019;waste_hazardous_recycled;
Repsol;2019;waste_nohazardous;
Repsol;2019;waste_nohazardous_recycled;
Repsol;2019;energy_use;1
Repsol;2019;waste_use;
Repsol;2018;external_audit;0
Repsol;2018;total_emissions_co2;
Repsol;2018;2030_commitment;1
Repsol;2018;manage_waste;1
Repsol;2018;biodiversity;1
Repsol;2018;climate_strategy;1
Repsol;2018;manage_water;1
Repsol;2018;electric_vehicles;0
Repsol;2018;green_buildings;0
Repsol;2018;w_renewable_energy;
Repsol;2018;water_recycled;
Repsol;2018;waste_recycled;
Repsol;2018;recognized_env_standard;1
Repsol;2018;circular_economy;1
Repsol;2018;water_discharged;41256
Repsol;2018;total_emissions_co2_scope1;
Repsol;2018;total_emissions_co2_scope2;
Repsol;2018;total_emissions_co2_scope3;
Repsol;2018;waste_hazardous;70342,6 t
Repsol;2018;waste_hazardous_recycled;
Repsol;2018;waste_nohazardous;70.342
Repsol;2018;waste_nohazardous_recycled;
Repsol;2018;energy_use;1
Repsol;2018;waste_use;2610
Repsol;2017;external_audit;0
Repsol;2017;total_emissions_co2;
Repsol;2017;2030_commitment;1
Repsol;2017;manage_waste;1
Repsol;2017;biodiversity;1
Repsol;2017;climate_strategy;1
Repsol;2017;manage_water;1
Repsol;2017;electric_vehicles;0
Repsol;2017;green_buildings;0
Repsol;2017;w_renewable_energy;
Repsol;2017;water_recycled;14995
Repsol;2017;waste_recycled;
Repsol;2017;recognized_env_standard;1
Repsol;2017;circular_economy;1
Repsol;2017;water_discharged;33450
Repsol;2017;total_emissions_co2_scope1;
Repsol;2017;total_emissions_co2_scope2;
Repsol;2017;total_emissions_co2_scope3;2,2
Repsol;2017;waste_hazardous;40065
Repsol;2017;waste_hazardous_recycled;
Repsol;2017;waste_nohazardous;352.148,00
Repsol;2017;waste_nohazardous_recycled;
Repsol;2017;energy_use;1
Repsol;2017;waste_use;
Rovi;2021;external_audit;0
Rovi;2021;total_emissions_co2;
Rovi;2021;2030_commitment;1
Rovi;2021;manage_waste;1
Rovi;2021;biodiversity;1
Rovi;2021;climate_strategy;0
Rovi;2021;manage_water;1
Rovi;2021;electric_vehicles;0
Rovi;2021;green_buildings;0
Rovi;2021;w_renewable_energy;
Rovi;2021;water_recycled;
Rovi;2021;waste_recycled;
Rovi;2021;recognized_env_standard;1
Rovi;2021;circular_economy;1
Rovi;2021;water_discharged;
Rovi;2021;total_emissions_co2_scope1;790
Rovi;2021;total_emissions_co2_scope2;0
Rovi;2021;total_emissions_co2_scope3;
Rovi;2021;waste_hazardous;2054.3
Rovi;2021;waste_hazardous_recycled;56%
Rovi;2021;waste_nohazardous;
Rovi;2021;waste_nohazardous_recycled;100%
Rovi;2021;energy_use;1
Rovi;2021;waste_use;3695
Rovi;2020;external_audit;0
Rovi;2020;total_emissions_co2;
Rovi;2020;2030_commitment;0
Rovi;2020;manage_waste;1
Rovi;2020;biodiversity;1
Rovi;2020;climate_strategy;0
Rovi;2020;manage_water;0
Rovi;2020;electric_vehicles;0
Rovi;2020;green_buildings;0
Rovi;2020;w_renewable_energy;
Rovi;2020;water_recycled;
Rovi;2020;waste_recycled;
Rovi;2020;recognized_env_standard;1
Rovi;2020;circular_economy;1
Rovi;2020;water_discharged;
Rovi;2020;total_emissions_co2_scope1;1494
Rovi;2020;total_emissions_co2_scope2;1101
Rovi;2020;total_emissions_co2_scope3;
Rovi;2020;waste_hazardous;2054.3
Rovi;2020;waste_hazardous_recycled;
Rovi;2020;waste_nohazardous;2335.4
Rovi;2020;waste_nohazardous_recycled;
Rovi;2020;energy_use;1
Rovi;2020;waste_use;
Rovi;2019;external_audit;1
Rovi;2019;total_emissions_co2;
Rovi;2019;2030_commitment;0
Rovi;2019;manage_waste;1
Rovi;2019;biodiversity;0
Rovi;2019;climate_strategy;0
Rovi;2019;manage_water;0
Rovi;2019;electric_vehicles;1
Rovi;2019;green_buildings;0
Rovi;2019;w_renewable_energy;
Rovi;2019;water_recycled;
Rovi;2019;waste_recycled;
Rovi;2019;recognized_env_standard;1
Rovi;2019;circular_economy;0
Rovi;2019;water_discharged;
Rovi;2019;total_emissions_co2_scope1;
Rovi;2019;total_emissions_co2_scope2;
Rovi;2019;total_emissions_co2_scope3;
Rovi;2019;waste_hazardous;
Rovi;2019;waste_hazardous_recycled;
Rovi;2019;waste_nohazardous;2,335.4
Rovi;2019;waste_nohazardous_recycled;
Rovi;2019;energy_use;1
Rovi;2019;waste_use;
Cellnex;2021;external_audit;0
Cellnex;2021;total_emissions_co2;681,466 t
Cellnex;2021;2030_commitment;1
Cellnex;2021;manage_waste;1
Cellnex;2021;biodiversity;1
Cellnex;2021;climate_strategy;1
Cellnex;2021;manage_water;0
Cellnex;2021;electric_vehicles;0
Cellnex;2021;green_buildings;1
Cellnex;2021;w_renewable_energy;
Cellnex;2021;water_recycled;
Cellnex;2021;waste_recycled;99,00%
Cellnex;2021;recognized_env_standard;1
Cellnex;2021;circular_economy;1
Cellnex;2021;water_discharged;
Cellnex;2021;total_emissions_co2_scope1;3.494
Cellnex;2021;total_emissions_co2_scope2;328.72
Cellnex;2021;total_emissions_co2_scope3;349.431,00
Cellnex;2021;waste_hazardous;
Cellnex;2021;waste_hazardous_recycled;
Cellnex;2021;waste_nohazardous;
Cellnex;2021;waste_nohazardous_recycled;
Cellnex;2021;energy_use;1
Cellnex;2021;waste_use;39,554
Cellnex;2020;external_audit;1
Cellnex;2020;total_emissions_co2;303819 t
Cellnex;2020;2030_commitment;1
Cellnex;2020;manage_waste;1
Cellnex;2020;biodiversity;1
Cellnex;2020;climate_strategy;1
Cellnex;2020;manage_water;1
Cellnex;2020;electric_vehicles;1
Cellnex;2020;green_buildings;0
Cellnex;2020;w_renewable_energy;
Cellnex;2020;water_recycled;
Cellnex;2020;waste_recycled;99,20%
Cellnex;2020;recognized_env_standard;1
Cellnex;2020;circular_economy;1
Cellnex;2020;water_discharged;
Cellnex;2020;total_emissions_co2_scope1;2,848.14
Cellnex;2020;total_emissions_co2_scope2;186,025
Cellnex;2020;total_emissions_co2_scope3;114.945,18
Cellnex;2020;waste_hazardous;
Cellnex;2020;waste_hazardous_recycled;
Cellnex;2020;waste_nohazardous;
Cellnex;2020;waste_nohazardous_recycled;
Cellnex;2020;energy_use;1
Cellnex;2020;waste_use;
Endesa;2021;external_audit;0
Endesa;2021;total_emissions_co2;10,512,071
Endesa;2021;2030_commitment;1
Endesa;2021;manage_waste;0
Endesa;2021;biodiversity;1
Endesa;2021;climate_strategy;1
Endesa;2021;manage_water;1
Endesa;2021;electric_vehicles;1
Endesa;2021;green_buildings;0
Endesa;2021;w_renewable_energy;
Endesa;2021;water_recycled;4.6 hm3
Endesa;2021;waste_recycled;
Endesa;2021;recognized_env_standard;1
Endesa;2021;circular_economy;1
Endesa;2021;water_discharged;2.151,30
Endesa;2021;total_emissions_co2_scope1;10702129 t
Endesa;2021;total_emissions_co2_scope2;786908 t
Endesa;2021;total_emissions_co2_scope3;25359022
Endesa;2021;waste_hazardous;371554/59
Endesa;2021;waste_hazardous_recycled;8763
Endesa;2021;waste_nohazardous;23,155
Endesa;2021;waste_nohazardous_recycled;
Endesa;2021;energy_use;1
Endesa;2021;waste_use;
Endesa;2020;external_audit;1
Endesa;2020;total_emissions_co2;
Endesa;2020;2030_commitment;1
Endesa;2020;manage_waste;1
Endesa;2020;biodiversity;1
Endesa;2020;climate_strategy;1
Endesa;2020;manage_water;1
Endesa;2020;electric_vehicles;1
Endesa;2020;green_buildings;1
Endesa;2020;w_renewable_energy;7,781
Endesa;2020;water_recycled;134
Endesa;2020;waste_recycled;10480
Endesa;2020;recognized_env_standard;1
Endesa;2020;circular_economy;1
Endesa;2020;water_discharged;8.21hm3
Endesa;2020;total_emissions_co2_scope1;
Endesa;2020;total_emissions_co2_scope2;
Endesa;2020;total_emissions_co2_scope3;
Endesa;2020;waste_hazardous;8273.5
Endesa;2020;waste_hazardous_recycled;
Endesa;2020;waste_nohazardous;247.540,00
Endesa;2020;waste_nohazardous_recycled;
Endesa;2020;energy_use;1
Endesa;2020;waste_use;2183,16
Endesa;2019;external_audit;0
Endesa;2019;total_emissions_co2;9,500tones
Endesa;2019;2030_commitment;1
Endesa;2019;manage_waste;1
Endesa;2019;biodiversity;1
Endesa;2019;climate_strategy;1
Endesa;2019;manage_water;1
Endesa;2019;electric_vehicles;1
Endesa;2019;green_buildings;0
Endesa;2019;w_renewable_energy;5,7
Endesa;2019;water_recycled;1.611
Endesa;2019;waste_recycled;
Endesa;2019;recognized_env_standard;1
Endesa;2019;circular_economy;1
Endesa;2019;water_discharged;
Endesa;2019;total_emissions_co2_scope1;
Endesa;2019;total_emissions_co2_scope2;
Endesa;2019;total_emissions_co2_scope3;
Endesa;2019;waste_hazardous;10481%
Endesa;2019;waste_hazardous_recycled;
Endesa;2019;waste_nohazardous;
Endesa;2019;waste_nohazardous_recycled;
Endesa;2019;energy_use;1
Endesa;2019;waste_use;279281
Endesa;2018;external_audit;0
Endesa;2018;total_emissions_co2;
Endesa;2018;2030_commitment;0
Endesa;2018;manage_waste;1
Endesa;2018;biodiversity;1
Endesa;2018;climate_strategy;0
Endesa;2018;manage_water;1
Endesa;2018;electric_vehicles;1
Endesa;2018;green_buildings;0
Endesa;2018;w_renewable_energy;2.000
Endesa;2018;water_recycled;15%
Endesa;2018;waste_recycled;8014,76 t
Endesa;2018;recognized_env_standard;1
Endesa;2018;circular_economy;1
Endesa;2018;water_discharged;
Endesa;2018;total_emissions_co2_scope1;
Endesa;2018;total_emissions_co2_scope2;
Endesa;2018;total_emissions_co2_scope3;
Endesa;2018;waste_hazardous;15,592.55
Endesa;2018;waste_hazardous_recycled;
Endesa;2018;waste_nohazardous;15,592.55
Endesa;2018;waste_nohazardous_recycled;
Endesa;2018;energy_use;1
Endesa;2018;waste_use;45,2020 ton
Endesa;2017;external_audit;1
Endesa;2017;total_emissions_co2;
Endesa;2017;2030_commitment;1
Endesa;2017;manage_waste;1
Endesa;2017;biodiversity;1
Endesa;2017;climate_strategy;0
Endesa;2017;manage_water;1
Endesa;2017;electric_vehicles;1
Endesa;2017;green_buildings;1
Endesa;2017;w_renewable_energy;879
Endesa;2017;water_recycled;0,02%
Endesa;2017;waste_recycled;9,017
Endesa;2017;recognized_env_standard;1
Endesa;2017;circular_economy;1
Endesa;2017;water_discharged;
Endesa;2017;total_emissions_co2_scope1;34.768.897 t
Endesa;2017;total_emissions_co2_scope2;951,184 t
Endesa;2017;total_emissions_co2_scope3;
Endesa;2017;waste_hazardous;
Endesa;2017;waste_hazardous_recycled;
Endesa;2017;waste_nohazardous;
Endesa;2017;waste_nohazardous_recycled;
Endesa;2017;energy_use;1
Endesa;2017;waste_use;24,157
IAG;2021;external_audit;1
IAG;2021;total_emissions_co2;3,316,005
IAG;2021;2030_commitment;1
IAG;2021;manage_waste;1
IAG;2021;biodiversity;0
IAG;2021;climate_strategy;1
IAG;2021;manage_water;0
IAG;2021;electric_vehicles;0
IAG;2021;green_buildings;0
IAG;2021;w_renewable_energy;
IAG;2021;water_recycled;
IAG;2021;waste_recycled;
IAG;2021;recognized_env_standard;1
IAG;2021;circular_economy;0
IAG;2021;water_discharged;
IAG;2021;total_emissions_co2_scope1;41,960,297
IAG;2021;total_emissions_co2_scope2;
IAG;2021;total_emissions_co2_scope3;6.5 mt.
IAG;2021;waste_hazardous;
IAG;2021;waste_hazardous_recycled;
IAG;2021;waste_nohazardous;
IAG;2021;waste_nohazardous_recycled;
IAG;2021;energy_use;1
IAG;2021;waste_use;
IAG;2020;external_audit;1
IAG;2020;total_emissions_co2;
IAG;2020;2030_commitment;1
IAG;2020;manage_waste;1
IAG;2020;biodiversity;0
IAG;2020;climate_strategy;1
IAG;2020;manage_water;0
IAG;2020;electric_vehicles;1
IAG;2020;green_buildings;0
IAG;2020;w_renewable_energy;
IAG;2020;water_recycled;
IAG;2020;waste_recycled;
IAG;2020;recognized_env_standard;1
IAG;2020;circular_economy;0
IAG;2020;water_discharged;
IAG;2020;total_emissions_co2_scope1;11,02 mt
IAG;2020;total_emissions_co2_scope2;53000t
IAG;2020;total_emissions_co2_scope3;3243000t
IAG;2020;waste_hazardous;
IAG;2020;waste_hazardous_recycled;
IAG;2020;waste_nohazardous;
IAG;2020;waste_nohazardous_recycled;
IAG;2020;energy_use;1
IAG;2020;waste_use;
IAG;2019;external_audit;1
IAG;2019;total_emissions_co2;
IAG;2019;2030_commitment;1
IAG;2019;manage_waste;1
IAG;2019;biodiversity;0
IAG;2019;climate_strategy;1
IAG;2019;manage_water;0
IAG;2019;electric_vehicles;1
IAG;2019;green_buildings;0
IAG;2019;w_renewable_energy;
IAG;2019;water_recycled;
IAG;2019;waste_recycled;
IAG;2019;recognized_env_standard;1
IAG;2019;circular_economy;1
IAG;2019;water_discharged;
IAG;2019;total_emissions_co2_scope1;30,38mt
IAG;2019;total_emissions_co2_scope2;
IAG;2019;total_emissions_co2_scope3;
IAG;2019;waste_hazardous;
IAG;2019;waste_hazardous_recycled;
IAG;2019;waste_nohazardous;
IAG;2019;waste_nohazardous_recycled;
IAG;2019;energy_use;0
IAG;2019;waste_use;
IAG;2018;external_audit;1
IAG;2018;total_emissions_co2;
IAG;2018;2030_commitment;0
IAG;2018;manage_waste;1
IAG;2018;biodiversity;0
IAG;2018;climate_strategy;1
IAG;2018;manage_water;0
IAG;2018;electric_vehicles;1
IAG;2018;green_buildings;0
IAG;2018;w_renewable_energy;•aer lingus 52% •british airways 61%, •iberia 0% and •vueling 0%
IAG;2018;water_recycled;
IAG;2018;waste_recycled;
IAG;2018;recognized_env_standard;1
IAG;2018;circular_economy;0
IAG;2018;water_discharged;
IAG;2018;total_emissions_co2_scope1;29,694,133
IAG;2018;total_emissions_co2_scope2;
IAG;2018;total_emissions_co2_scope3;
IAG;2018;waste_hazardous;
IAG;2018;waste_hazardous_recycled;
IAG;2018;waste_nohazardous;
IAG;2018;waste_nohazardous_recycled;
IAG;2018;energy_use;1
IAG;2018;waste_use;
IAG;2017;external_audit;0
IAG;2017;total_emissions_co2;
IAG;2017;2030_commitment;0
IAG;2017;manage_waste;1
IAG;2017;biodiversity;0
IAG;2017;climate_strategy;0
IAG;2017;manage_water;0
IAG;2017;electric_vehicles;1
IAG;2017;green_buildings;0
IAG;2017;w_renewable_energy;54%
IAG;2017;water_recycled;
IAG;2017;waste_recycled;
IAG;2017;recognized_env_standard;0
IAG;2017;circular_economy;0
IAG;2017;water_discharged;
IAG;2017;total_emissions_co2_scope1;87.3
IAG;2017;total_emissions_co2_scope2;11.62
IAG;2017;total_emissions_co2_scope3;
IAG;2017;waste_hazardous;
IAG;2017;waste_hazardous_recycled;
IAG;2017;waste_nohazardous;
IAG;2017;waste_nohazardous_recycled;
IAG;2017;energy_use;0
IAG;2017;waste_use;
Melia;2021;external_audit;0
Melia;2021;total_emissions_co2;
Melia;2021;2030_commitment;0
Melia;2021;manage_waste;1
Melia;2021;biodiversity;0
Melia;2021;climate_strategy;0
Melia;2021;manage_water;0
Melia;2021;electric_vehicles;0
Melia;2021;green_buildings;0
Melia;2021;w_renewable_energy;
Melia;2021;water_recycled;
Melia;2021;waste_recycled;
Melia;2021;recognized_env_standard;1
Melia;2021;circular_economy;1
Melia;2021;water_discharged;
Melia;2021;total_emissions_co2_scope1;
Melia;2021;total_emissions_co2_scope2;
Melia;2021;total_emissions_co2_scope3;
Melia;2021;waste_hazardous;
Melia;2021;waste_hazardous_recycled;
Melia;2021;waste_nohazardous;
Melia;2021;waste_nohazardous_recycled;
Melia;2021;energy_use;0
Melia;2021;waste_use;15.879 tn
Melia;2020;external_audit;0
Melia;2020;total_emissions_co2;
Melia;2020;2030_commitment;0
Melia;2020;manage_waste;1
Melia;2020;biodiversity;0
Melia;2020;climate_strategy;0
Melia;2020;manage_water;0
Melia;2020;electric_vehicles;0
Melia;2020;green_buildings;0
Melia;2020;w_renewable_energy;100%
Melia;2020;water_recycled;
Melia;2020;waste_recycled;1000
Melia;2020;recognized_env_standard;1
Melia;2020;circular_economy;1
Melia;2020;water_discharged;
Melia;2020;total_emissions_co2_scope1;36,698
Melia;2020;total_emissions_co2_scope2;148,143
Melia;2020;total_emissions_co2_scope3;38,535
Melia;2020;waste_hazardous;
Melia;2020;waste_hazardous_recycled;
Melia;2020;waste_nohazardous;
Melia;2020;waste_nohazardous_recycled;
Melia;2020;energy_use;1
Melia;2020;waste_use;5,048
Melia;2019;external_audit;1
Melia;2019;total_emissions_co2;
Melia;2019;2030_commitment;0
Melia;2019;manage_waste;1
Melia;2019;biodiversity;1
Melia;2019;climate_strategy;1
Melia;2019;manage_water;1
Melia;2019;electric_vehicles;0
Melia;2019;green_buildings;0
Melia;2019;w_renewable_energy;247,481.64
Melia;2019;water_recycled;
Melia;2019;waste_recycled;10,856
Melia;2019;recognized_env_standard;1
Melia;2019;circular_economy;1
Melia;2019;water_discharged;
Melia;2019;total_emissions_co2_scope1;47,619
Melia;2019;total_emissions_co2_scope2;153,699
Melia;2019;total_emissions_co2_scope3;53,982
Melia;2019;waste_hazardous;
Melia;2019;waste_hazardous_recycled;
Melia;2019;waste_nohazardous;
Melia;2019;waste_nohazardous_recycled;
Melia;2019;energy_use;1
Melia;2019;waste_use;34,408
Melia;2018;external_audit;0
Melia;2018;total_emissions_co2;161,552,662
Melia;2018;2030_commitment;0
Melia;2018;manage_waste;1
Melia;2018;biodiversity;1
Melia;2018;climate_strategy;0
Melia;2018;manage_water;1
Melia;2018;electric_vehicles;0
Melia;2018;green_buildings;0
Melia;2018;w_renewable_energy;53%
Melia;2018;water_recycled;
Melia;2018;waste_recycled;
Melia;2018;recognized_env_standard;1
Melia;2018;circular_economy;1
Melia;2018;water_discharged;
Melia;2018;total_emissions_co2_scope1;36,698
Melia;2018;total_emissions_co2_scope2;148,143
Melia;2018;total_emissions_co2_scope3;38,535
Melia;2018;waste_hazardous;
Melia;2018;waste_hazardous_recycled;
Melia;2018;waste_nohazardous;
Melia;2018;waste_nohazardous_recycled;
Melia;2018;energy_use;1
Melia;2018;waste_use;34,408
Melia;2017;external_audit;0
Melia;2017;total_emissions_co2;143,202 kg tn co2
Melia;2017;2030_commitment;0
Melia;2017;manage_waste;1
Melia;2017;biodiversity;0
Melia;2017;climate_strategy;0
Melia;2017;manage_water;0
Melia;2017;electric_vehicles;0
Melia;2017;green_buildings;0
Melia;2017;w_renewable_energy;100%
Melia;2017;water_recycled;
Melia;2017;waste_recycled;
Melia;2017;recognized_env_standard;1
Melia;2017;circular_economy;0
Melia;2017;water_discharged;
Melia;2017;total_emissions_co2_scope1;48,539
Melia;2017;total_emissions_co2_scope2;154,955
Melia;2017;total_emissions_co2_scope3;54,832
Melia;2017;waste_hazardous;
Melia;2017;waste_hazardous_recycled;
Melia;2017;waste_nohazardous;
Melia;2017;waste_nohazardous_recycled;
Melia;2017;energy_use;1
Melia;2017;waste_use;
Acciona;2021;external_audit;1
Acciona;2021;total_emissions_co2;
Acciona;2021;2030_commitment;1
Acciona;2021;manage_waste;1
Acciona;2021;biodiversity;1
Acciona;2021;climate_strategy;1
Acciona;2021;manage_water;1
Acciona;2021;electric_vehicles;1
Acciona;2021;green_buildings;1
Acciona;2021;w_renewable_energy;
Acciona;2021;water_recycled;
Acciona;2021;waste_recycled;
Acciona;2021;recognized_env_standard;1
Acciona;2021;circular_economy;1
Acciona;2021;water_discharged;
Acciona;2021;total_emissions_co2_scope1;147,758
Acciona;2021;total_emissions_co2_scope2;
Acciona;2021;total_emissions_co2_scope3;
Acciona;2021;waste_hazardous;25,88
Acciona;2021;waste_hazardous_recycled;
Acciona;2021;waste_nohazardous;8,497,787
Acciona;2021;waste_nohazardous_recycled;
Acciona;2021;energy_use;1
Acciona;2021;waste_use;
Acciona;2020;external_audit;0
Acciona;2020;total_emissions_co2;
Acciona;2020;2030_commitment;1
Acciona;2020;manage_waste;1
Acciona;2020;biodiversity;1
Acciona;2020;climate_strategy;1
Acciona;2020;manage_water;1
Acciona;2020;electric_vehicles;1
Acciona;2020;green_buildings;1
Acciona;2020;w_renewable_energy;
Acciona;2020;water_recycled;
Acciona;2020;waste_recycled;
Acciona;2020;recognized_env_standard;1
Acciona;2020;circular_economy;1
Acciona;2020;water_discharged;
Acciona;2020;total_emissions_co2_scope1;98,194
Acciona;2020;total_emissions_co2_scope2;
Acciona;2020;total_emissions_co2_scope3;
Acciona;2020;waste_hazardous;5,071
Acciona;2020;waste_hazardous_recycled;
Acciona;2020;waste_nohazardous;6,269,769
Acciona;2020;waste_nohazardous_recycled;
Acciona;2020;energy_use;1
Acciona;2020;waste_use;
Acciona;2019;external_audit;1
Acciona;2019;total_emissions_co2;
Acciona;2019;2030_commitment;1
Acciona;2019;manage_waste;1
Acciona;2019;biodiversity;1
Acciona;2019;climate_strategy;1
Acciona;2019;manage_water;1
Acciona;2019;electric_vehicles;1
Acciona;2019;green_buildings;1
Acciona;2019;w_renewable_energy;
Acciona;2019;water_recycled;32%
Acciona;2019;waste_recycled;
Acciona;2019;recognized_env_standard;1
Acciona;2019;circular_economy;1
Acciona;2019;water_discharged;
Acciona;2019;total_emissions_co2_scope1;125,586
Acciona;2019;total_emissions_co2_scope2;
Acciona;2019;total_emissions_co2_scope3;
Acciona;2019;waste_hazardous;2,761
Acciona;2019;waste_hazardous_recycled;
Acciona;2019;waste_nohazardous;
Acciona;2019;waste_nohazardous_recycled;
Acciona;2019;energy_use;1
Acciona;2019;waste_use;
Acciona;2018;external_audit;1
Acciona;2018;total_emissions_co2;8,148
Acciona;2018;2030_commitment;1
Acciona;2018;manage_waste;1
Acciona;2018;biodiversity;1
Acciona;2018;climate_strategy;1
Acciona;2018;manage_water;1
Acciona;2018;electric_vehicles;1
Acciona;2018;green_buildings;1
Acciona;2018;w_renewable_energy;5,698 Tj
Acciona;2018;water_recycled;17%
Acciona;2018;waste_recycled;58%
Acciona;2018;recognized_env_standard;1
Acciona;2018;circular_economy;1
Acciona;2018;water_discharged;
Acciona;2018;total_emissions_co2_scope1;131,685
Acciona;2018;total_emissions_co2_scope2;
Acciona;2018;total_emissions_co2_scope3;
Acciona;2018;waste_hazardous;8,633
Acciona;2018;waste_hazardous_recycled;
Acciona;2018;waste_nohazardous;9,602,772
Acciona;2018;waste_nohazardous_recycled;
Acciona;2018;energy_use;1
Acciona;2018;waste_use;
Acciona;2017;external_audit;0
Acciona;2017;total_emissions_co2;1,228,540
Acciona;2017;2030_commitment;0
Acciona;2017;manage_waste;1
Acciona;2017;biodiversity;1
Acciona;2017;climate_strategy;1
Acciona;2017;manage_water;1
Acciona;2017;electric_vehicles;1
Acciona;2017;green_buildings;1
Acciona;2017;w_renewable_energy;5,740 Tj
Acciona;2017;water_recycled;11%
Acciona;2017;waste_recycled;
Acciona;2017;recognized_env_standard;1
Acciona;2017;circular_economy;1
Acciona;2017;water_discharged;
Acciona;2017;total_emissions_co2_scope1;681,488
Acciona;2017;total_emissions_co2_scope2;
Acciona;2017;total_emissions_co2_scope3;2,295,269
Acciona;2017;waste_hazardous;21,104 tonnes
Acciona;2017;waste_hazardous_recycled;
Acciona;2017;waste_nohazardous;12,118,376 tonnes
Acciona;2017;waste_nohazardous_recycled;
Acciona;2017;energy_use;1
Acciona;2017;waste_use;
ArcelorMittal;2021;external_audit;1
ArcelorMittal;2021;total_emissions_co2;
ArcelorMittal;2021;2030_commitment;1
ArcelorMittal;2021;manage_waste;1
ArcelorMittal;2021;biodiversity;1
ArcelorMittal;2021;climate_strategy;1
ArcelorMittal;2021;manage_water;1
ArcelorMittal;2021;electric_vehicles;1
ArcelorMittal;2021;green_buildings;1
ArcelorMittal;2021;w_renewable_energy;
ArcelorMittal;2021;water_recycled;
ArcelorMittal;2021;waste_recycled;
ArcelorMittal;2021;recognized_env_standard;1
ArcelorMittal;2021;circular_economy;1
ArcelorMittal;2021;water_discharged;
ArcelorMittal;2021;total_emissions_co2_scope1;
ArcelorMittal;2021;total_emissions_co2_scope2;
ArcelorMittal;2021;total_emissions_co2_scope3;
ArcelorMittal;2021;waste_hazardous;
ArcelorMittal;2021;waste_hazardous_recycled;
ArcelorMittal;2021;waste_nohazardous;
ArcelorMittal;2021;waste_nohazardous_recycled;
ArcelorMittal;2021;energy_use;1
ArcelorMittal;2021;waste_use;
ArcelorMittal;2020;external_audit;1
ArcelorMittal;2020;total_emissions_co2;
ArcelorMittal;2020;2030_commitment;1
ArcelorMittal;2020;manage_waste;1
ArcelorMittal;2020;biodiversity;1
ArcelorMittal;2020;climate_strategy;1
ArcelorMittal;2020;manage_water;1
ArcelorMittal;2020;electric_vehicles;1
ArcelorMittal;2020;green_buildings;1
ArcelorMittal;2020;w_renewable_energy;
ArcelorMittal;2020;water_recycled;
ArcelorMittal;2020;waste_recycled;22 million tonnes
ArcelorMittal;2020;recognized_env_standard;1
ArcelorMittal;2020;circular_economy;1
ArcelorMittal;2020;water_discharged;
ArcelorMittal;2020;total_emissions_co2_scope1;
ArcelorMittal;2020;total_emissions_co2_scope2;
ArcelorMittal;2020;total_emissions_co2_scope3;
ArcelorMittal;2020;waste_hazardous;
ArcelorMittal;2020;waste_hazardous_recycled;
ArcelorMittal;2020;waste_nohazardous;
ArcelorMittal;2020;waste_nohazardous_recycled;
ArcelorMittal;2020;energy_use;1
ArcelorMittal;2020;waste_use;
ArcelorMittal;2019;external_audit;0
ArcelorMittal;2019;total_emissions_co2;
ArcelorMittal;2019;2030_commitment;1
ArcelorMittal;2019;manage_waste;1
ArcelorMittal;2019;biodiversity;1
ArcelorMittal;2019;climate_strategy;1
ArcelorMittal;2019;manage_water;1
ArcelorMittal;2019;electric_vehicles;1
ArcelorMittal;2019;green_buildings;1
ArcelorMittal;2019;w_renewable_energy;
ArcelorMittal;2019;water_recycled;
ArcelorMittal;2019;waste_recycled;
ArcelorMittal;2019;recognized_env_standard;0
ArcelorMittal;2019;circular_economy;1
ArcelorMittal;2019;water_discharged;
ArcelorMittal;2019;total_emissions_co2_scope1;
ArcelorMittal;2019;total_emissions_co2_scope2;
ArcelorMittal;2019;total_emissions_co2_scope3;
ArcelorMittal;2019;waste_hazardous;
ArcelorMittal;2019;waste_hazardous_recycled;
ArcelorMittal;2019;waste_nohazardous;
ArcelorMittal;2019;waste_nohazardous_recycled;
ArcelorMittal;2019;energy_use;1
ArcelorMittal;2019;waste_use;
ArcelorMittal;2018;external_audit;0
ArcelorMittal;2018;total_emissions_co2;
ArcelorMittal;2018;2030_commitment;1
ArcelorMittal;2018;manage_waste;1
ArcelorMittal;2018;biodiversity;1
ArcelorMittal;2018;climate_strategy;0
ArcelorMittal;2018;manage_water;1
ArcelorMittal;2018;electric_vehicles;1
ArcelorMittal;2018;green_buildings;0
ArcelorMittal;2018;w_renewable_energy;
ArcelorMittal;2018;water_recycled;
ArcelorMittal;2018;waste_recycled;28.6 mt
ArcelorMittal;2018;recognized_env_standard;0
ArcelorMittal;2018;circular_economy;1
ArcelorMittal;2018;water_discharged;
ArcelorMittal;2018;total_emissions_co2_scope1;167.35 miilions of tonnes
ArcelorMittal;2018;total_emissions_co2_scope2;12.12 miilions of tonnes
ArcelorMittal;2018;total_emissions_co2_scope3;14.65 miilions of tonnes
ArcelorMittal;2018;waste_hazardous;
ArcelorMittal;2018;waste_hazardous_recycled;
ArcelorMittal;2018;waste_nohazardous;
ArcelorMittal;2018;waste_nohazardous_recycled;
ArcelorMittal;2018;energy_use;1
ArcelorMittal;2018;waste_use;
ArcelorMittal;2017;external_audit;0
ArcelorMittal;2017;total_emissions_co2;
ArcelorMittal;2017;2030_commitment;0
ArcelorMittal;2017;manage_waste;0
ArcelorMittal;2017;biodiversity;1
ArcelorMittal;2017;climate_strategy;0
ArcelorMittal;2017;manage_water;0
ArcelorMittal;2017;electric_vehicles;1
ArcelorMittal;2017;green_buildings;0
ArcelorMittal;2017;w_renewable_energy;0.2%
ArcelorMittal;2017;water_recycled;
ArcelorMittal;2017;waste_recycled;29.6 million tonnes
ArcelorMittal;2017;recognized_env_standard;1
ArcelorMittal;2017;circular_economy;1
ArcelorMittal;2017;water_discharged;18.8  m3 per tonne of steel
ArcelorMittal;2017;total_emissions_co2_scope1;
ArcelorMittal;2017;total_emissions_co2_scope2;
ArcelorMittal;2017;total_emissions_co2_scope3;
ArcelorMittal;2017;waste_hazardous;
ArcelorMittal;2017;waste_hazardous_recycled;
ArcelorMittal;2017;waste_nohazardous;
ArcelorMittal;2017;waste_nohazardous_recycled;
ArcelorMittal;2017;energy_use;1
ArcelorMittal;2017;waste_use;
Inditex;2021;external_audit;1
Inditex;2021;total_emissions_co2;17,160 KT CO2 EQ
Inditex;2021;2030_commitment;0
Inditex;2021;manage_waste;1
Inditex;2021;biodiversity;1
Inditex;2021;climate_strategy;1
Inditex;2021;manage_water;1
Inditex;2021;electric_vehicles;1
Inditex;2021;green_buildings;0
Inditex;2021;w_renewable_energy;1,593,547 MWh 91%
Inditex;2021;water_recycled;
Inditex;2021;waste_recycled;
Inditex;2021;recognized_env_standard;1
Inditex;2021;circular_economy;1
Inditex;2021;water_discharged;
Inditex;2021;total_emissions_co2_scope1;
Inditex;2021;total_emissions_co2_scope2;
Inditex;2021;total_emissions_co2_scope3;
Inditex;2021;waste_hazardous;
Inditex;2021;waste_hazardous_recycled;
Inditex;2021;waste_nohazardous;
Inditex;2021;waste_nohazardous_recycled;
Inditex;2021;energy_use;1
Inditex;2021;waste_use;
Inditex;2020;external_audit;1
Inditex;2020;total_emissions_co2;20,501KT CO2eq
Inditex;2020;2030_commitment;1
Inditex;2020;manage_waste;1
Inditex;2020;biodiversity;1
Inditex;2020;climate_strategy;1
Inditex;2020;manage_water;1
Inditex;2020;electric_vehicles;1
Inditex;2020;green_buildings;1
Inditex;2020;w_renewable_energy;
Inditex;2020;water_recycled;
Inditex;2020;waste_recycled;
Inditex;2020;recognized_env_standard;1
Inditex;2020;circular_economy;1
Inditex;2020;water_discharged;
Inditex;2020;total_emissions_co2_scope1;20,501kt
Inditex;2020;total_emissions_co2_scope2;
Inditex;2020;total_emissions_co2_scope3;
Inditex;2020;waste_hazardous;
Inditex;2020;waste_hazardous_recycled;
Inditex;2020;waste_nohazardous;
Inditex;2020;waste_nohazardous_recycled;16,582,699 kg
Inditex;2020;energy_use;1
Inditex;2020;waste_use;
Inditex;2019;external_audit;0
Inditex;2019;total_emissions_co2;
Inditex;2019;2030_commitment;1
Inditex;2019;manage_waste;1
Inditex;2019;biodiversity;1
Inditex;2019;climate_strategy;1
Inditex;2019;manage_water;1
Inditex;2019;electric_vehicles;1
Inditex;2019;green_buildings;1
Inditex;2019;w_renewable_energy;63%
Inditex;2019;water_recycled;
Inditex;2019;waste_recycled;
Inditex;2019;recognized_env_standard;1
Inditex;2019;circular_economy;1
Inditex;2019;water_discharged;
Inditex;2019;total_emissions_co2_scope1;
Inditex;2019;total_emissions_co2_scope2;
Inditex;2019;total_emissions_co2_scope3;
Inditex;2019;waste_hazardous;
Inditex;2019;waste_hazardous_recycled;93%
Inditex;2019;waste_nohazardous;
Inditex;2019;waste_nohazardous_recycled;
Inditex;2019;energy_use;0
Inditex;2019;waste_use;
Inditex;2018;external_audit;1
Inditex;2018;total_emissions_co2;
Inditex;2018;2030_commitment;0
Inditex;2018;manage_waste;1
Inditex;2018;biodiversity;1
Inditex;2018;climate_strategy;0
Inditex;2018;manage_water;1
Inditex;2018;electric_vehicles;0
Inditex;2018;green_buildings;1
Inditex;2018;w_renewable_energy;mwh
Inditex;2018;water_recycled;
Inditex;2018;waste_recycled;88%
Inditex;2018;recognized_env_standard;1
Inditex;2018;circular_economy;1
Inditex;2018;water_discharged;
Inditex;2018;total_emissions_co2_scope1;676,642
Inditex;2018;total_emissions_co2_scope2;676,642
Inditex;2018;total_emissions_co2_scope3;676,642
Inditex;2018;waste_hazardous;
Inditex;2018;waste_hazardous_recycled;83%
Inditex;2018;waste_nohazardous;
Inditex;2018;waste_nohazardous_recycled;
Inditex;2018;energy_use;1
Inditex;2018;waste_use;
Inditex;2017;external_audit;0
Inditex;2017;total_emissions_co2;
Inditex;2017;2030_commitment;0
Inditex;2017;manage_waste;1
Inditex;2017;biodiversity;1
Inditex;2017;climate_strategy;0
Inditex;2017;manage_water;0
Inditex;2017;electric_vehicles;0
Inditex;2017;green_buildings;1
Inditex;2017;w_renewable_energy;45%
Inditex;2017;water_recycled;
Inditex;2017;waste_recycled;
Inditex;2017;recognized_env_standard;1
Inditex;2017;circular_economy;1
Inditex;2017;water_discharged;
Inditex;2017;total_emissions_co2_scope1;22,996
Inditex;2017;total_emissions_co2_scope2;
Inditex;2017;total_emissions_co2_scope3;
Inditex;2017;waste_hazardous;
Inditex;2017;waste_hazardous_recycled;80%
Inditex;2017;waste_nohazardous;
Inditex;2017;waste_nohazardous_recycled;
Inditex;2017;energy_use;1
Inditex;2017;waste_use;
Telefonica;2021;external_audit;1
Telefonica;2021;total_emissions_co2;
Telefonica;2021;2030_commitment;1
Telefonica;2021;manage_waste;1
Telefonica;2021;biodiversity;1
Telefonica;2021;climate_strategy;1
Telefonica;2021;manage_water;1
Telefonica;2021;electric_vehicles;0
Telefonica;2021;green_buildings;0
Telefonica;2021;w_renewable_energy;79.4 %
Telefonica;2021;water_recycled;
Telefonica;2021;waste_recycled;98%
Telefonica;2021;recognized_env_standard;1
Telefonica;2021;circular_economy;1
Telefonica;2021;water_discharged;
Telefonica;2021;total_emissions_co2_scope1;
Telefonica;2021;total_emissions_co2_scope2;
Telefonica;2021;total_emissions_co2_scope3;
Telefonica;2021;waste_hazardous;
Telefonica;2021;waste_hazardous_recycled;
Telefonica;2021;waste_nohazardous;
Telefonica;2021;waste_nohazardous_recycled;
Telefonica;2021;energy_use;1
Telefonica;2021;waste_use;64,065 t
Telefonica;2020;external_audit;1
Telefonica;2020;total_emissions_co2;
Telefonica;2020;2030_commitment;1
Telefonica;2020;manage_waste;1
Telefonica;2020;biodiversity;1
Telefonica;2020;climate_strategy;1
Telefonica;2020;manage_water;1
Telefonica;2020;electric_vehicles;0
Telefonica;2020;green_buildings;0
Telefonica;2020;w_renewable_energy;87.5 %
Telefonica;2020;water_recycled;
Telefonica;2020;waste_recycled;98%
;;;
Telefonica;2020;recognized_env_standard;1
Telefonica;2020;circular_economy;1
Telefonica;2020;water_discharged;
Telefonica;2020;total_emissions_co2_scope1;
Telefonica;2020;total_emissions_co2_scope2;
Telefonica;2020;total_emissions_co2_scope3;1,909,321 tCO2
Telefonica;2020;waste_hazardous;4,872 t
Telefonica;2020;waste_hazardous_recycled;4,758 t
Telefonica;2020;waste_nohazardous;
Telefonica;2020;waste_nohazardous_recycled;41,213 t
Telefonica;2020;energy_use;1
Telefonica;2020;waste_use;46,912 t
Telefonica;2019;external_audit;0
Telefonica;2019;total_emissions_co2;
Telefonica;2019;2030_commitment;1
Telefonica;2019;manage_waste;1
Telefonica;2019;biodiversity;1
Telefonica;2019;climate_strategy;1
Telefonica;2019;manage_water;1
Telefonica;2019;electric_vehicles;0
Telefonica;2019;green_buildings;0
Telefonica;2019;w_renewable_energy;4,636,654MWH 81.6%
Telefonica;2019;water_recycled;
Telefonica;2019;waste_recycled;41,051 T
Telefonica;2019;recognized_env_standard;1
Telefonica;2019;circular_economy;1
Telefonica;2019;water_discharged;
Telefonica;2019;total_emissions_co2_scope1;
Telefonica;2019;total_emissions_co2_scope2;
Telefonica;2019;total_emissions_co2_scope3;2124279 tCO2e
Telefonica;2019;waste_hazardous;2,829 t
Telefonica;2019;waste_hazardous_recycled;2,698 t
Telefonica;2019;waste_nohazardous;38,888 t
Telefonica;2019;waste_nohazardous_recycled;
Telefonica;2019;energy_use;1
Telefonica;2019;waste_use;41,717 t
Telefonica;2018;external_audit;1
Telefonica;2018;total_emissions_co2;
Telefonica;2018;2030_commitment;1
Telefonica;2018;manage_waste;1
Telefonica;2018;biodiversity;1
Telefonica;2018;climate_strategy;1
Telefonica;2018;manage_water;1
Telefonica;2018;electric_vehicles;0
Telefonica;2018;green_buildings;0
Telefonica;2018;w_renewable_energy;3,382 GWh
Telefonica;2018;water_recycled;
Telefonica;2018;waste_recycled;97.0%
Telefonica;2018;recognized_env_standard;1
Telefonica;2018;circular_economy;1
Telefonica;2018;water_discharged;
Telefonica;2018;total_emissions_co2_scope1;
Telefonica;2018;total_emissions_co2_scope2;
Telefonica;2018;total_emissions_co2_scope3;
Telefonica;2018;waste_hazardous;
Telefonica;2018;waste_hazardous_recycled;10%
Telefonica;2018;waste_nohazardous;
Telefonica;2018;waste_nohazardous_recycled;90%
Telefonica;2018;energy_use;1
Telefonica;2018;waste_use;26,295 t
Telefonica;2017;external_audit;0
Telefonica;2017;total_emissions_co2;
Telefonica;2017;2030_commitment;1
Telefonica;2017;manage_waste;1
Telefonica;2017;biodiversity;1
Telefonica;2017;climate_strategy;1
Telefonica;2017;manage_water;1
Telefonica;2017;electric_vehicles;0
Telefonica;2017;green_buildings;0
Telefonica;2017;w_renewable_energy;46,80%
Telefonica;2017;water_recycled;
Telefonica;2017;waste_recycled;97%
Telefonica;2017;recognized_env_standard;1
Telefonica;2017;circular_economy;1
Telefonica;2017;water_discharged;
Telefonica;2017;total_emissions_co2_scope1;328,582 tCO2eq
Telefonica;2017;total_emissions_co2_scope2;
Telefonica;2017;total_emissions_co2_scope3;2,460,656 tCO2eq
Telefonica;2017;waste_hazardous;
Telefonica;2017;waste_hazardous_recycled;11%
Telefonica;2017;waste_nohazardous;
Telefonica;2017;waste_nohazardous_recycled;89%
Telefonica;2017;energy_use;1
Telefonica;2017;waste_use;27,356 t